{
    "father node": 1,
    "modification": "modify",
    "before": 0.1075771098456056,
    "after": 0.8053597480106103,
    "succeed": true
}